{
    "AutoscalingTargetValue": 50,
    "DeadlineSec": 600,
    "DeployName": "ekdpod",
    "HpaName": "ekshpa",
    "IngressName": "eksingress",
    "LabelName": "myapp",
    "MaxReplica": 10,
    "MinReadySec": 5,
    "MinReplica": 2,
    "NameSpace": "default",
    "Protocol": "TCP",
    "RevHistoryLim": 5,
    "ServiceName": "eksservice",
    "ServicePort": 80,
    "ServiceTargatePort": 80,
    "ImageName": "IMAGENAME",
    "Containername": "testdeploy",
    "Cpu": "250m",
    "memory": "500Mi",
    "Resourceurl": "/v1test/resname/$2",
    "ResourceEndpoint": "/v1test/resname(/|$)(.*)"
}