[
    {
        "ParameterKey": "VpcCIDR",
        "ParameterValue": "10.0.0.0/16"
    },
    {
        "ParameterKey": "PublicSubnet1CIDR",
        "ParameterValue": "10.0.0.0/19"
    },
    {
        "ParameterKey": "PublicSubnet2CIDR",
        "ParameterValue": "10.0.32.0/19"
    },
    {
        "ParameterKey": "PrivateSubnet1CIDR",
        "ParameterValue": "10.0.64.0/19"
    },
    {
        "ParameterKey": "PrivateSubnet2CIDR",
        "ParameterValue": "10.0.96.0/19"
    },
    {
        "ParameterKey": "InternetGatewayRoute",
        "ParameterValue": "0.0.0.0/0"
    },
    {
        "ParameterKey": "NatgatewayRoute",
        "ParameterValue": "0.0.0.0/0"
    }
    
]